country,iso3,inform_risk,inform_p2p_hazard_and_exposure_dimension,population_density,population_living_in_urban_areas,proportion_of_population_with_basic_handwashing_facilities_on_premises,people_using_at_least_basic_sanitation_services,inform_vulnerability,inform_health_conditions,inform_epidemic_vulnerability,mortality_rate_under_5,prevalence_of_undernourishment,inform_lack_of_coping_capacity,inform_access_to_healthcare,inform_epidemic_lack_of_coping_capacity,physicians_density,current_health_expenditure_per_capita,maternal_mortality_ratio,Country_Region,Last_Update,Lat,Long_,Confirmed,Deaths,Recovered,Active,Incident_Rate,Mortality_Rate,entity,year,total_covid_19_tests,Edu_Idx_2018,HDI Rank (2018),pop2020,area,Density,GrowthRate
Afghanistan,AFG,8,6.2,56.94,25.495,37.75,43.41761,8.2,2.1,4.5,67.90000153,29.8,7.2,7.6,6.7,2.84,162.78,396,Afghanistan,5/8/20 4:32,33.93911,67.709953,3563,106,468,2989,9.152714728,2.97502105,,,,0.413,170,38928.346,652230,59.685,1.0233
Albania,ALB,3,3.6,104.61,60.319,No data,97.71837,1.6,0.2,3.7,8.800000191,6.2,4.2,3.7,4.9,12,759.67,29,Albania,5/8/20 4:32,41.1533,20.1683,842,31,605,206,29.25846132,3.681710214,,,,0.758,69,2877.797,28748,100.1043,0.9989
Algeria,DZA,4,4.3,17.73,72.629,83.74,87.58657,2.9,0.4,5.9,24,3.9,4.4,3.8,3.6,18.3,998.15,140,Algeria,5/8/20 4:32,28.0339,1.6596,5182,483,2323,2376,11.81727878,9.320725589,,,,0.675,82,43851.044,2381741,18.4113,1.0185
,,,,,,,,,,,,,,,,,,,Andorra,5/8/20 4:32,42.5063,1.5218,752,47,526,179,973.273798,6.25,,,,0.708,36,77.265,468,165.0962,1.0016
Angola,AGO,5.2,6.7,24.71,65.514,26.66,49.87698,5,5,5.8,81.09999847,25,7.1,8.1,5.4,2.15,185.82,477,Angola,5/8/20 4:32,-11.2027,17.8739,36,2,11,23,0.109534797,5.555555556,,,,0.498,149,32866.272,1246700,26.3626,1.0327
Antigua and Barbuda,ATG,2.3,2.8,218.83,24.599,No data,87.50428,1.7,0,3.5,7.400000095,18.1,3.8,4.3,3.2,27.65,976.39,No data,Antigua and Barbuda,5/8/20 4:32,17.0608,-61.7964,25,3,16,6,25.52896005,12,,,,0.655,74,97.929,442,221.5588,1.0084
Argentina,ARG,2.7,3.3,16.26,91.87,No data,94.25851,1.9,0.3,5.6,10.39999962,4.6,3.5,2.1,3.3,39.6,1531.04,52,Argentina,5/8/20 4:32,-38.4161,-63.6167,5371,282,1601,3488,11.88385366,5.250418916,Argentina,5/1/20,58685,0.759,48,45195.774,2780400,16.2551,1.0093
Armenia,ARM,3.6,3.3,103.68,63.149,94.04,93.64231,2.6,0.3,4.1,12.60000038,4.3,4.8,2.7,2.9,28.99,876.86,25,Armenia,5/8/20 4:32,40.0691,45.0382,2884,42,1185,1657,97.3260971,1.45631068,,,,0.923,81,2963.243,29743,99.6282,1.0019
Australia,AUS,2.3,2.5,3.25,86.012,No data,99.99115,2.2,0.1,5.8,3.5,2.4,2.1,0.5,1.1,35.87,4529.89,6,Australia,5/8/20 4:32,-25,133,6913,97,6078,738,27.15271586,1.403153479,Australia,5/6/20,688656,0.871,6,25499.884,7692024,3.3151,1.0118
Austria,AUT,1.6,2.5,107.21,58.297,No data,99.97291,2.6,0.1,4.1,3.599999905,2.4,1.4,0.5,2.3,51.44,5295.18,4,Austria,5/8/20 4:32,47.5162,14.5501,15752,609,13698,1445,174.8978504,3.866175724,Austria,5/6/20,292254,0.694,20,9006.398,83871,107.3839,1.0057
Azerbaijan,AZE,4.6,4.1,120.27,55.68,83.24,92.51145,4.1,0.8,6.2,23,2.4,4.7,2.1,3.2,34.47,1193.06,25,Azerbaijan,5/8/20 4:32,40.1431,47.5769,2204,28,1551,625,21.73746878,1.270417423,,,,0.741,87,10139.177,86600,117.0806,1.0091
Bahamas,BHS,2.2,3.4,38.53,83.025,No data,94.93058,1.8,1.6,4.7,7.199999809,18.1,3.2,3.3,2.7,19.37,1435.57,80,Bahamas,5/8/20 4:32,25.025885,-78.035889,92,11,26,55,23.39490601,11.95652174,,,,0.738,60,393.244,13943,28.2037,1.0097
Bahrain,BHR,1.3,6.4,2017.27,89.287,No data,100,1.1,0.1,4.4,7.300000191,7.1,3.2,3,1.9,9.26,1866.3,15,Bahrain,5/8/20 4:32,26.0275,50.55,4199,8,2000,2191,246.7702134,0.190521553,Bahrain,5/6/20,160341,0.513,45,1701.575,765,2224.281,1.0368
Bangladesh,BGD,6,5.8,1239.58,36.632,34.81,48.23324,5.7,2,7.8,32.40000153,14.7,5.1,5.2,3.9,5.27,90.6,176,Bangladesh,5/8/20 4:32,23.685,90.3563,12425,199,1910,10316,7.544505768,1.601609658,Bangladesh,5/6/20,99644,0.773,135,164689.383,147570,1116.0086,1.0101
Barbados,BRB,1.9,3,666.61,31.147,88.47,97.27938,1.4,1.1,5.7,12.39999962,3.9,2.5,3,1.7,24.89,1322.99,27,Barbados,5/8/20 4:32,13.1939,-59.5432,82,7,53,22,28.53454246,8.536585366,,,,0.837,56,287.375,430,668.314,1.0012
Belarus,BLR,1.9,2.7,46.73,78.595,No data,97.79096,1.2,0.6,5.5,3.700000048,2.4,2.9,1.6,2.1,40.77,1151.41,4,Belarus,5/8/20 4:32,53.7098,27.9534,20168,116,5067,14985,213.433325,0.575168584,Belarus,5/4/20,211369,0.893,50,9449.323,207600,45.517,0.9997
Belgium,BEL,1.9,3.4,377.21,98.001,No data,99.48606,1.9,0.1,5.8,3.799999952,2.4,1.8,0.7,1.7,33.23,4667.88,7,Belgium,5/8/20 4:32,50.8333,4.469936,51420,8415,12980,30025,443.6730259,16.36522754,Belgium,4/30/20,323015,0.691,17,11589.623,30528,379.6391,1.0044
Belize,BLZ,3.7,3.2,16.79,45.724,90.08,87.85852,3.1,1.3,5.5,14.19999981,7.5,5.2,4.4,4.9,11.26,541.43,28,Belize,5/8/20 4:32,17.1899,-88.4976,18,2,16,0,4.52692388,11.11111111,,,,0.476,103,397.628,22966,17.3138,1.0186
Benin,BEN,4.4,7.1,101.85,47.312,11.03,16.45292,5.1,4.5,5.9,98.30000305,10.1,6.8,6.9,6.9,1.57,83.48,405,Benin,5/8/20 4:32,9.3077,2.3158,140,2,53,85,1.154810802,1.428571429,,,,0.441,163,12123.2,112622,107.645,1.0273
Bhutan,BTN,3.1,3.9,19.78,40.895,79.81,69.25394,3.4,1.5,6.2,30.79999924,14.9,4.4,5,3.7,3.71,293.11,148,Bhutan,5/8/20 4:32,27.5142,90.4336,7,0,5,2,0.907191697,0,,,,0.69,134,11673.021,1098581,10.6255,1.0139
Bolivia,BOL,4.3,4.5,10.48,69.425,25.38,60.71694,3.5,1.1,5.2,34.90000153,17.1,5.3,4.9,4,16.11,496.31,206,Bolivia,5/8/20 4:32,-16.2902,-63.5887,2081,102,219,1760,17.8274208,4.901489668,Bolivia,5/5/20,7888,0.706,114,3280.819,51209,64.0672,0.9939
Bosnia and Herzegovina,BIH,3.6,2.6,64.92,48.245,97.16,95.36024,3.7,0.3,2.8,5.699999809,2.4,4.5,3.8,4.4,20,1123.43,11,Bosnia and Herzegovina,5/8/20 4:32,43.9159,17.6791,2027,90,954,983,61.78342881,4.440059201,,,,0.664,75,,,,
Botswana,BWA,3.2,3.9,3.98,69.446,No data,77.26922,3.4,4.2,5.1,37.59999847,26.4,4.6,4.9,5.2,3.69,931.3,129,Botswana,5/8/20 4:32,-22.3285,24.6849,23,1,9,13,0.978047095,4.347826087,,,,0.689,94,2351.627,582000,4.0406,1.0208
Brazil,BRA,4.3,3.4,25.06,86.569,No data,88.29385,3.3,0.7,5,14.80000019,2.4,4.3,3.5,2.5,21.5,1777.47,44,Brazil,5/8/20 4:32,-14.235,-51.9253,135773,9190,55350,71233,63.87531874,6.768650615,Brazil,4/20/20,132467,0.703,79,212559.417,8515767,24.9607,1.0072
Brunei Darussalam,BRN,1.6,3.9,81.4,77.629,No data,96.349,0.9,0.4,4.2,10.5,3.2,3.5,2.5,3.8,17.7,1812.41,23,Brunei,5/8/20 4:32,4.5353,114.7277,141,1,131,9,32.22982379,0.709219858,,,,0.805,43,437.479,5765,75.8853,1.0097
Bulgaria,BGR,2.4,2.7,64.7,75.008,No data,86.0037,2.3,0.2,3.5,7.5,3.6,3,1.5,3.1,39.88,1577.94,11,Bulgaria,5/8/20 4:32,42.7339,25.4858,1829,84,384,1361,26.32243617,4.592673592,Bulgaria,5/6/20,51768,0.3,52,6948.445,110879,62.6669,0.9926
Burkina Faso,BFA,5.3,7.7,72.19,29.358,11.88,19.40209,5.8,4,5.5,81.19999695,20,6.6,6.9,5.8,0.6,115.6,371,Burkina Faso,5/8/20 4:32,12.2383,-1.5616,736,48,562,126,3.520978863,6.52173913,,,,0.418,182,20903.273,272967,76.578,1.0286
,,,,,,,,,,,,,,,,,,,Burma,5/8/20 4:32,21.9162,95.956,176,6,62,108,0.323471175,3.409090909,,,,,,,,,
Burundi,BDI,6.2,7,435.18,13.032,6.14,45.8212,6.6,3.5,5.7,61.20000076,36.8,6.8,7.5,7,0.5,50.25,712,Burundi,5/8/20 4:32,-3.3731,29.9189,15,1,7,7,0.126148148,6.666666667,,,,0.538,185,11890.784,27834,427.2036,1.0312
C√¥te d'Ivoire,CIV,2.6,4.7,134.93,65.732,No data,73.85379,3.3,1.7,4.8,17.39999962,12.6,3.9,4.8,3.8,7.69,347.64,42,,,,,,,,,,,,,,0.476,165,,,,
Cabo Verde,CPV,4.8,4.9,92.06,23.388,66.23,59.22697,3.9,2.7,5.1,29.20000076,16.4,6.2,6.1,4.7,1.68,228.57,161,Cabo Verde,5/8/20 4:32,16.5388,-23.0418,218,2,38,178,39.20947934,0.917431193,,,,0.564,126,,,,
Cambodia,KHM,6,7,53.34,56.374,2.73,39.07555,6.6,6.3,5.6,84,9.9,6,7.1,5.2,0.9,169.29,596,Cambodia,5/8/20 4:32,11.55,104.9167,122,0,120,2,0.72970998,0,,,,0.891,146,16718.965,181035,92.3521,1.0141
Cameroon,CMR,2.4,2.4,4.08,81.411,No data,99.28601,2.3,0.1,6.5,5.099999905,2.4,2.3,1.5,1.2,26.1,4718.3,7,Cameroon,5/8/20 4:32,3.848,11.5021,2267,108,1002,1157,8.539936768,4.764005293,,,,0.353,150,26545.863,475442,55.8341,1.0259
Canada,CAN,8.6,5.5,7.49,41.364,16.6,25.31967,9,8.8,5.9,121.5,59.6,8.7,9.6,8.1,0.63,29.91,882,Canada,5/8/20 4:32,60.001,-95.001,66201,4541,29260,32400,174.8772219,6.859413,Canada,5/6/20,942526,0.288,13,37742.154,9984670,3.78,1.0089
Central African Republic,CAF,7.3,7.1,12.29,23.059,5.82,8.34248,7.6,3.6,5.4,123.1999969,37.5,8.9,9.8,7.6,0.47,94.95,856,Central African Republic,5/8/20 4:32,6.6111,20.9394,94,0,10,84,1.946264869,0,,,,0.807,188,4829.767,622984,7.7526,1.0178
Chad,TCD,3,3.7,25.19,87.564,No data,100,2,0.6,4.6,7.400000095,2.7,3,3,2.3,10.8,2002.01,22,Chad,5/8/20 4:32,15.4542,18.7322,253,27,50,176,1.540254303,10.67193676,,,,0.649,187,16425.864,1284000,12.7927,1.03
Chile,CHL,4.3,4.5,148.35,59.152,No data,84.76079,3.1,0.4,5.6,9.300000191,8.5,3.6,3.4,2,17.86,761.49,27,Chile,5/8/20 4:32,-35.6751,-71.543,24581,285,11664,12632,128.587211,1.159432082,Chile,5/6/20,232108,0.683,42,19116.201,756102,25.2826,1.0087
China,CHN,5.4,4.1,44.75,80.778,65.39,89.62536,6,0.6,4.6,14.69999981,4.8,3.8,3.6,2.7,20.84,829.8,64,China,5/8/20 4:32,30.5928,114.3055,83976,4637,78977,362,5.978316727,5.521815757,,,,0.476,85,1439323.776,9706961,148.2775,1.0039
Colombia,COL,4,6.4,447.24,28.965,15.57,35.85662,5.4,2.7,4.6,69,30.9,7,6.1,6.5,1.7,115.85,335,Colombia,5/8/20 4:32,4.5709,-74.2973,9456,407,2300,6749,18.58385228,4.304145516,Colombia,5/5/20,127105,0.539,79,50882.891,1141748,44.5658,1.0108
Comoros,COM,5.5,5.9,15.36,66.916,47.96,20.17288,6,5.7,4.5,47.5,40.3,7.4,7.3,7.1,1.16,263.29,442,Comoros,5/8/20 4:32,-11.6455,43.3333,8,1,0,7,0.919968491,12.5,,,,0.495,156,869.601,1862,467.0252,1.022
Congo,COG,7,7.6,37.08,44.46,4.47,20.45598,7.3,5.5,5,91.09999847,59.6,8.1,7.7,6.2,0.9,34.49,693,Congo (Brazzaville),5/8/20 4:32,-4.2634,15.2832,274,10,33,231,4.965484446,3.649635036,,,,0.716,138,,,,
Congo DR,COD,3,3.9,97.91,79.34,83.84,97.81836,2.9,0.3,4.6,9,4.8,2.6,3.5,2,11.5,1248.55,25,Congo (Kinshasa),5/8/20 4:32,-4.322447,15.307045,897,36,119,742,1.001547497,4.013377926,,,,0.796,179,,,,
Costa Rica,CRI,6,6.6,78.83,50.779,19.35,32.13491,5.9,5.2,6.6,88.80000305,19,7,6.9,4.8,2.33,162.64,645,Costa Rica,5/8/20 4:32,9.7489,-83.7534,765,6,445,314,15.01733177,0.784313725,Costa Rica,5/5/20,9892,0.791,68,5094.118,51100,99.6892,1.0092
,,,,,,,,,,,,,,,,,,,Cote d'Ivoire,5/8/20 4:32,7.54,-5.5471,1571,20,742,809,5.955658586,1.273074475,,,,,,,,,
Croatia,HRV,2.1,2.4,73.08,56.947,No data,96.53844,1.1,0.1,5.3,4.599999905,2.4,3.1,2,3,29.96,1705.21,8,Croatia,5/8/20 4:32,45.1,15.2,2125,86,1641,398,51.76275946,4.047058824,Croatia,5/6/20,41053,0.811,46,4105.267,56594,72.5389,0.9939
Cuba,CUB,3.5,3.6,109,77.037,85.2,92.81024,3.2,0.4,5.9,5.400000095,2.4,3.1,0.6,1.7,81.9,2457.67,39,Cuba,5/8/20 4:32,21.521757,-77.781167,1729,73,1031,625,15.26492997,4.222093696,Cuba,5/5/20,59648,0.892,72,11326.616,109884,103.0779,0.9994
Cyprus,CYP,3,2.9,128.71,66.81,No data,99.15231,4.2,0.1,5,2.700000048,5.6,2.6,2.4,1.6,19.51,2270.83,7,Cyprus,5/8/20 4:32,35.1264,33.4299,889,15,400,474,73.63166443,1.687289089,,,,0.441,31,1207.359,9251,130.5112,1.0073
Czech Republic,CZE,1.2,2.8,137.6,73.792,No data,99.1341,0.9,0.1,5.2,3.299999952,2.4,2.1,0.7,1.4,43.14,2484.63,4,Czechia,5/8/20 4:32,49.8175,15.473,8031,270,4371,3390,74.9931226,3.361972357,Czech Republic,5/5/20,278519,0.92,26,10708.981,78865,135.7888,1.0018
Denmark,DNK,1.1,3.9,138.07,87.874,No data,99.59723,1.8,0.1,5.7,4.300000191,2.4,1.3,0.2,1.2,44.57,5092.98,6,Denmark,5/8/20 4:32,56,10,10281,514,7907,1860,177.4972321,4.999513666,Denmark,5/6/20,270680,0.313,11,5792.202,43094,134.4085,1.0035
,,,,,,,,,,,,,,,,,,,Diamond Princess,5/8/20 4:32,,,712,13,645,54,,1.825842697,,,,,,,,,
Djibouti,DJI,5.2,5,41.37,77.777,No data,63.60536,5.6,2.4,5.9,61.70000076,18.9,6.4,6.6,6.6,2.2,122.08,229,Djibouti,5/8/20 4:32,11.8251,42.5903,1133,3,799,331,114.6758812,0.26478376,,,,0.657,171,988,23200,42.5862,1.0148
Dominica,DMA,3.5,3.9,95.5,70.483,No data,77.89276,3.7,0.6,3.8,34,6.2,4.1,5.9,3.8,10.82,580.66,No data,Dominica,5/8/20 4:32,15.415,-61.371,16,0,14,2,22.22500035,0,,,,0.714,98,71.986,751,95.8535,1.0025
Dominican Republic,DOM,3.8,4.7,219.98,81.074,55.18,83.89321,2.4,1.3,5.5,29.89999962,9.5,4.4,4.6,4.6,15.6,936.82,92,Dominican Republic,5/8/20 4:32,18.7357,-70.1627,9095,373,2064,6658,83.84108119,4.10115448,,,,0.608,89,10847.91,48671,222.8824,1.0101
Ecuador,ECU,4,3.9,68.79,63.821,80.63,87.98872,3.6,0.7,5.1,14.5,7.9,4,3.9,3.1,20.5,942.89,64,Ecuador,5/8/20 4:32,-1.8312,-78.1834,30298,1654,3433,25211,171.7275801,5.459106212,Ecuador,5/4/20,66160,0.441,85,17643.054,276841,63.7299,1.0155
Egypt,EGY,5.1,3.6,98.87,42.704,89.83,94.19302,3.9,0.2,7.3,22.10000038,4.5,4.6,4.4,2.7,7.9,516.34,33,Egypt,5/8/20 4:32,26.820553,30.802498,7981,482,1887,5612,7.798941281,6.039343441,,,,0.269,116,102334.404,1002450,102.0843,1.0194
El Salvador,SLV,4,4.3,309.88,72.023,90.65,87.43357,2.7,1.2,5.6,14.5,9,4.6,4.3,2.9,15.69,599.55,54,El Salvador,5/8/20 4:32,13.7942,-88.8965,695,15,252,428,10.71505493,2.158273381,El Salvador,5/5/20,33628,0.881,124,6486.205,21041,308.2651,1.0051
Equatorial Guinea,GNQ,4.1,6.7,46.67,72.143,24.64,66.31279,3.2,6.4,4.7,89.59999847,10.5,7.4,7.5,7.3,4,838.74,342,Equatorial Guinea,5/8/20 4:32,1.6508,10.2679,439,4,13,422,31.2904272,0.911161731,,,,0.541,144,1402.985,28051,50.0155,1.0347
Eritrea,ERI,5.2,6.4,34.62,No data,No data,11.93997,4.8,1.6,6.5,43.09999847,20.6,7.9,5.6,6.6,No data,55.33,501,Eritrea,5/8/20 4:32,15.1794,39.7823,39,0,30,9,1.099698372,0,,,,0.335,182,3546.421,117600,30.1566,1.0141
Estonia,EST,0.9,2.3,30.39,68.88,No data,99.14656,0.9,0.8,2.8,2.700000048,2.9,1.9,1.5,2.5,34.65,1987.72,9,Estonia,5/8/20 4:32,58.5953,25.0136,1720,56,273,1391,129.6607186,3.255813953,Estonia,5/5/20,58955,0.764,30,1326.535,45227,29.3306,1.0007
Eswatini,SWZ,3.9,5.1,66.06,23.799,24.1,58.35198,4.5,4.9,7.5,70.40000153,20.6,5.4,5.9,4.7,0.8,663.25,389,Eswatini,5/8/20 4:32,-26.5225,31.4659,153,2,12,139,13.18779069,1.307189542,,,,0.915,138,,,,
Ethiopia,ETH,6.9,7.4,109.22,20.763,7.96,7.31633,6.6,3.1,5.5,58.5,20.6,6.8,7.1,1.9,1,69.52,353,Ethiopia,5/8/20 4:32,9.145,40.4897,191,4,93,94,0.166139568,2.094240838,Ethiopia,5/6/20,26517,0.811,173,114963.588,1104300,104.1054,1.0257
Fiji,FJI,2.9,3.9,48.36,56.248,No data,95.07218,3.4,3.7,5.7,25.29999924,3.7,3.1,4.4,0.9,8.37,313.17,30,Fiji,5/8/20 4:32,-17.7134,178.065,18,0,14,4,2.007933569,0,,,,0.386,98,896.445,18272,49.0611,1.0073
Finland,FIN,0.6,2.3,18.16,85.382,No data,99.44784,1.6,0.1,4.8,2.299999952,2.4,1.4,0.6,1.6,38.08,4112.05,3,Finland,5/8/20 4:32,61.9241,25.7482,5673,255,3500,1918,102.3874523,4.494976203,Finland,5/5/20,108112,0.856,12,5540.72,338424,16.3721,1.0015
France,FRA,2.3,2.8,122.34,80.444,No data,98.65001,2.8,0.3,3.4,4.199999809,2.4,1.9,0.9,5.5,32.35,4782.29,8,France,5/8/20 4:32,46.2276,2.2137,174918,25990,55191,93737,267.9770011,14.85839079,France,4/28/20,724574,0.946,26,65273.511,551695,118.3145,1.0022
Gabon,GAB,4.2,5.2,8.22,89.37,No data,47.41328,3.4,6.3,5.7,48.29999924,10.5,6.1,6.2,6.4,3.61,555.63,291,Gabon,5/8/20 4:32,-0.8037,11.6094,504,8,110,386,22.64427639,1.587301587,,,,0.559,115,2225.734,267668,8.3153,1.0245
Gambia,GMB,4.2,7.5,225.31,61.27,7.88,39.23115,5.4,2.3,4.8,63.59999847,10.2,5.6,7.5,3,1.08,74.31,706,Gambia,5/8/20 4:32,13.4432,-15.3101,18,1,9,8,0.744828408,5.555555556,,,,0.833,174,2416.668,10689,226.0893,1.0294
Georgia,GEO,3.9,3.2,65.28,58.632,No data,90.02479,4.8,1,6.8,10.80000019,7.9,3.2,2.5,0.9,50.98,797.18,36,Georgia,5/8/20 4:32,42.3154,43.3569,615,9,275,331,15.4167215,1.463414634,,,,0.755,70,3989.167,69700,57.2334,0.9981
Germany,DEU,2,2.8,237.37,77.312,No data,99.22504,3.4,0.1,5.2,3.700000048,2.4,1.5,0.4,4,42.09,5463.33,6,Germany,5/8/20 4:32,51.1657,10.4515,169430,7392,141700,20338,202.2225141,4.36286372,Germany,5/3/20,2755770,0.511,4,83783.942,357114,234.614,1.0032
Ghana,GHA,3.8,5.9,130.82,56.06,41.05,18.47217,4.3,4.7,4.4,49.29999924,5.5,5.1,5.9,2.4,1.8,189.37,319,Ghana,5/8/20 4:32,7.9465,-1.0232,3091,18,303,2770,9.94756049,0.582335814,Ghana,5/2/20,129461,0.34,142,31072.94,238533,130.2668,1.0215
Greece,GRC,3.1,2.7,83.22,79.058,No data,98.98319,2.8,0.2,4.3,5.300000191,2.4,2.5,0.9,3.6,45.92,2261.16,3,Greece,5/8/20 4:32,39.0742,21.8243,2678,148,1374,1156,25.69304051,5.526512323,Greece,5/6/20,87052,0.402,32,10423.054,131990,78.9685,0.9952
Grenada,GRD,1.8,3.3,327.81,36.272,No data,91.49389,1.6,0.1,5.1,16.70000076,18.1,3.9,4.1,5,14.47,745.1,27,Grenada,5/8/20 4:32,12.1165,-61.679,21,0,13,8,18.66351461,0,,,,0.601,78,112.523,344,327.1017,1.0046
Guatemala,GTM,5.7,4.9,160.95,51.054,76.67,65.06314,5.8,1.1,4.9,27.60000038,15.2,5.5,5.4,5.9,3.55,462.41,88,Guatemala,5/8/20 4:32,15.7835,-90.2308,832,23,90,719,4.644005964,2.764423077,,,,0.445,126,17915.568,108889,164.5306,1.019
Guinea,GIN,5.1,7.1,50.52,36.14,17.45,22.71927,4.4,5.4,5.3,85.69999695,16.5,7.4,9.1,6.6,0.79,107.72,679,Guinea,5/8/20 4:32,9.9456,-9.6966,1927,11,629,1287,14.67319364,0.570835496,,,,0.503,174,13132.795,245857,53.4164,1.0283
Guinea-Bissau,GNB,4.6,6.5,66.65,43.36,6.4,20.538,5.6,5.6,4.1,84.19999695,28,7.9,6.9,3.4,2,97.97,549,Guinea-Bissau,5/8/20 4:32,11.8037,-15.1804,564,2,25,537,28.65856571,0.354609929,,,,0.86,178,1968.001,36125,54.4775,1.0245
Guyana,GUY,3.4,2.3,3.96,26.606,77.16,85.7631,3.2,4,4.4,31.29999924,8.1,5.3,5,5.9,7.99,332.67,229,Guyana,5/8/20 4:32,4.860416,-58.93018,93,10,27,56,11.82365214,10.75268817,,,,0.816,123,786.552,214969,3.6589,1.0048
Haiti,HTI,6.6,6.7,403.6,55.278,22.86,34.70445,6.3,3.3,4.1,71.69999695,49.3,7.3,7.9,4.2,2.35,95.44,359,Haiti,5/8/20 4:32,18.9712,-72.2852,129,12,16,101,1.131327574,9.302325581,,,,0.918,169,11402.528,27750,410.9019,1.0124
,,,,,,,,,,,,,,,,,,,Holy See,5/8/20 4:32,41.9029,12.4534,12,0,2,10,1483.312732,0,,,,,,,,,
Honduras,HND,5.3,4.5,85.69,57.096,84.17,81.25126,5.4,1.1,4,18.20000076,12.9,5.2,4.9,2,3.14,400.34,129,Honduras,5/8/20 4:32,15.2,-86.2419,1685,105,154,1426,17.01228358,6.231454006,,,,0.625,132,9904.607,112492,88.0472,1.0163
Hong Kong,,,,,,,,,,,,,,,,,,,,,,,,,,,,,Hong Kong,4/27/20,154989,0.743,4,7496.981,1104,6790.7437,1.0082
Hungary,HUN,1.9,2.7,107.91,71.351,No data,97.99088,1.5,0.1,4.6,4.5,2.4,2.2,1.4,2.4,32.31,1963.16,17,Hungary,5/8/20 4:32,47.1625,19.5033,3150,383,801,1966,32.60751422,12.15873016,Hungary,5/6/20,86743,0.918,43,9660.351,93028,103.8435,0.9975
Iceland,ISL,1.2,3.8,3.53,93.813,No data,98.78217,0.8,0.1,7.7,2.099999905,2.4,1.9,0.4,2.7,39.7,4245.11,3,Iceland,5/8/20 4:32,64.9631,-19.0208,1801,10,1755,36,527.7655678,0.555247085,Iceland,5/5/20,51622,0.876,6,341.243,103000,3.313,1.0065
India,IND,5.4,4.9,454.94,34.03,59.55,59.54345,4.9,2.2,7,39.40000153,14.5,4.3,5.6,2.7,7.78,241.48,174,India,5/8/20 4:32,20.593684,78.96288,56383,1889,16776,37718,4.085711655,3.350300623,India,5/6/20,1276781,0.793,129,1380004.385,3287590,419.7617,1.0099
Indonesia,IDN,4.7,4.7,147.75,55.325,64.2,73.12839,3.2,2.7,7.1,25.39999962,8.3,4.5,6,3.5,3.78,362.72,126,Indonesia,5/8/20 4:32,-0.7893,113.9213,12776,930,2381,9465,4.670894584,7.279273638,Indonesia,5/6/20,92976,0.692,111,273523.615,1904569,143.6144,1.0107
Iran,IRN,5.2,3.9,50.22,74.898,No data,88.42187,4.9,0.1,6.2,14.89999962,4.9,4.4,3.1,4.7,11.4,1563.75,25,Iran,5/8/20 4:32,32.427908,53.688046,103135,6486,82744,13905,122.7900631,6.288844718,Iran,5/6/20,531275,0.85,65,83992.949,1648195,50.9606,1.013
Iraq,IRQ,7,4.3,88.53,70.473,94.58,94.12102,5.9,0.5,6.2,30.39999962,29,6.8,5.9,2.1,8.22,493.72,50,Iraq,5/8/20 4:32,33.223191,43.679291,2543,102,1626,815,6.322331557,4.011010617,,,,0.678,120,40222.493,438317,91.7658,1.0232
Ireland,IRL,1.4,3.1,70.45,63.17,No data,91.24518,1.3,0.2,5.5,3.5,2.4,1.9,0.9,2.5,30.86,5299.65,8,Ireland,5/8/20 4:32,53.1424,-7.6921,22385,1403,17110,3872,453.3399112,6.267589904,Ireland,5/5/20,214761,0.817,3,4937.786,70273,70.2658,1.0113
Israel,ISR,2.7,4.1,410.53,92.418,No data,100.00001,2,0.1,5.3,3.599999905,2.4,2.1,0.8,1.7,32.18,2843.04,5,Israel,5/8/20 4:32,31.046051,34.851612,16381,240,10873,5268,189.2544903,1.46511202,Israel,5/5/20,413517,0.526,22,8655.535,20770,416.7325,1.016
Italy,ITA,2.6,2.8,205.45,70.438,No data,98.77243,2.5,0.2,5.2,3.400000095,2.4,2.2,0.4,8.2,40.93,3427.31,4,Italy,5/8/20 4:32,41.8719,12.5674,215858,29958,96276,89624,357.0153387,13.87856832,Italy,5/6/20,2310929,0.59,29,60461.826,301336,200.6459,0.9985
Jamaica,JAM,3.1,3.8,270.99,55.674,66.42,87.3126,2.3,1.7,5.8,15.19999981,8,3.6,4.2,0.8,13.2,535.66,89,Jamaica,5/8/20 4:32,18.1096,-77.2975,488,9,58,421,16.48002253,1.844262295,,,,0.862,96,2961.167,10991,269.4174,1.0044
Japan,JPN,2.3,3.2,347.07,91.616,No data,99.89471,1.5,0.2,4.5,2.599999905,2.4,1.5,1.1,3.5,24.12,4592.43,5,Japan,5/8/20 4:32,36.204824,138.252924,15477,577,4918,9982,12.23705996,3.728112683,Japan,5/6/20,188927,0.625,19,126476.461,377930,334.6558,0.997
Jordan,JOR,4.6,4.7,112.14,90.979,No data,97.33975,6.3,0.1,4.9,17,12.2,4.3,3.3,3,23.44,494.75,58,Jordan,5/8/20 4:32,31.24,36.51,494,9,381,104,4.841646787,1.821862348,,,,0.734,102,10203.134,89342,114.2031,1.01
Kazakhstan,KAZ,1.9,2.6,6.77,57.428,99,97.8737,0.7,0.5,5.6,10,2.4,3.8,2.3,5.3,32.52,858.77,12,Kazakhstan,5/8/20 4:32,48.0196,66.9237,4578,30,1518,3030,24.38127197,0.655307995,Kazakhstan,5/6/20,336480,0.481,50,18776.707,2724900,6.8908,1.0121
Kenya,KEN,6,6.1,90.3,27.03,24.65,29.05112,6,4.6,5.7,45.59999847,29.4,6.2,7.7,5,1.99,143.54,510,Kenya,5/8/20 4:32,-0.0236,37.9062,607,29,197,381,1.128854984,4.777594728,Kenya,5/5/20,25869,0.871,147,53771.296,580367,92.6505,1.0228
Kiribati,KIR,3.6,5.9,143.02,54.057,No data,47.80289,4.2,8.8,4.4,54.59999847,2.7,5.3,5.5,5,2.03,249.84,90,,,,,,,,,,,,,,0.604,132,119.449,811,147.2861,1.0157
Korea DPR,PRK,5.2,3.9,212.19,61.899,No data,83.15841,4.7,3.9,5.2,19,47.8,6.5,0.7,1.1,36.74,No data,82,,,,,,,,,,,,,,,,,,,
Korea Republic of,KOR,2.1,3.9,529.65,81.459,No data,100,1.3,0.4,4,3.299999952,2.4,1.8,1.4,2.8,23.66,2711.74,11,"Korea, South",5/8/20 4:32,35.907757,127.766922,10822,256,9484,1082,21.10819671,2.365551654,South Korea,5/6/20,643095,0.51,22,51269.185,100210,511.6175,1.0009
,,,,,,,,,,,,,,,,,,,Kosovo,5/8/20 4:32,42.602636,20.902977,861,27,562,272,47.55944378,3.135888502,,,,,,,,,
Kuwait,KWT,1.8,4.9,232.17,100,No data,100,1.5,0.3,4.5,8.100000381,2.8,3.7,1,4.8,25.79,2899.26,4,Kuwait,5/8/20 4:32,29.31166,47.481766,6567,44,2381,4142,153.7736359,0.67001675,,,,0.422,57,4270.571,17818,239.6773,1.0151
Kyrgyzstan,KGZ,3.9,3.6,32.93,36.351,89.22,96.50707,2.6,0.8,5,20,7.1,4.5,4.2,4.5,18.76,240.23,76,Kyrgyzstan,5/8/20 4:32,41.20438,74.766098,906,12,650,244,13.88677922,1.324503311,,,,0.607,122,6524.195,199951,32.629,1.0169
,,,,,,,,,,,,,,,,,,,Laos,5/8/20 4:32,19.85627,102.495496,19,0,9,10,0.261148426,0,,,,0.827,140,7275.56,236800,30.7245,1.0148
Lao PDR,LAO,4.5,4.6,30.6,35.004,49.84,74.45941,4,1.7,4.8,63.40000153,16.5,5.8,5.8,1.8,5,154.63,197,,,,,,,,,,,,,,,,,,,
Latvia,LVA,1.5,2.4,30.98,68.142,No data,92.14826,1.2,0.7,4.6,4.199999809,2.4,2.6,2.1,3.2,31.95,1589.69,18,Latvia,5/8/20 4:32,56.8796,24.6032,909,18,464,427,48.19208123,1.98019802,Latvia,5/6/20,68627,0.802,39,1886.198,64559,29.2167,0.9892
Lebanon,LBN,5.2,4.6,669.49,88.593,No data,98.47664,6.1,0.1,5.8,7.800000191,11,4.2,3.9,5.4,22.71,1147.37,15,Lebanon,5/8/20 4:32,33.8547,35.8623,784,25,220,539,11.4864356,3.18877551,,,,0.459,93,6825.445,10452,653.0277,0.9956
Lesotho,LSO,4.2,5.2,69.44,28.153,2.12,42.75432,5,7.3,6.8,85.90000153,13.1,6.8,5.4,5.7,No data,242.73,487,,,,,,,,,,,,,,,,2142.249,30355,70.5732,1.008
Liberia,LBR,5.3,6.8,50.03,51.151,1.19,16.97352,6.2,4.8,5,74.69999695,37.2,7.6,7.5,5.5,0.37,133.15,725,Liberia,5/8/20 4:32,6.428055,-9.429499,189,20,79,90,3.736893439,10.58201058,,,,0.564,176,5057.681,111369,45.4137,1.0244
Libya,LBY,6.2,3,3.8,80.102,No data,100,4.4,0.4,3.4,12.39999962,10.4,6.7,3.4,1.2,21.58,627.31,9,Libya,5/8/20 4:32,26.3351,17.228331,64,3,24,37,0.931412121,4.6875,,,,0.29,110,6871.292,1759540,3.9052,1.0138
Liechtenstein,LIE,0.9,1.9,236.94,14.338,No data,99.95,0.8,x,4.4,No data,2.4,1.1,x,2.4,No data,No data,No data,Liechtenstein,5/8/20 4:32,47.14,9.55,82,1,55,26,215.0142906,1.219512195,,,,0.818,18,38.128,160,238.3,1.0029
Lithuania,LTU,1.4,2.4,44.53,67.679,No data,93.35364,1.2,0.5,6.2,4.300000191,2.4,2.4,1.3,1.2,43.37,1978.27,10,Lithuania,5/8/20 4:32,55.1694,23.8813,1433,49,739,645,52.63948637,3.41939986,Lithuania,5/6/20,156493,0.707,34,2722.289,65300,41.689,0.9865
Luxembourg,LUX,0.9,3.8,250.09,90.981,No data,97.60054,1.3,0.3,4.9,2.599999905,2.4,1.3,0.9,6.8,30.27,6374.2,10,Luxembourg,5/8/20 4:32,49.8153,6.1296,3859,100,3505,254,616.477309,2.591344908,Luxembourg,5/6/20,50533,0.73,21,625.978,2586,242.0642,1.0166
Madagascar,MDG,5.2,6.8,45.14,37.191,50.54,10.50676,5.1,4,5.3,44.20000076,44.4,7.2,6.9,5.5,1.81,90.43,353,Madagascar,5/8/20 4:32,-18.766947,46.869107,193,0,101,92,0.696976879,0,,,,0.684,162,2083.374,25713,81.0242,1
Malawi,MWI,4.9,6.4,192.44,16.937,8.7,26.22615,6.1,6.3,6,55.40000153,17.5,6.7,7.5,1.7,0.16,115.16,634,Malawi,5/8/20 4:32,-13.254308,34.301525,43,3,14,26,0.224778365,6.976744186,,,,0.578,172,19129.952,118484,161.456,1.0269
Malaysia,MYS,3.3,4.2,95.96,76.036,No data,99.57203,3.1,0.7,2.6,7.900000095,2.5,3.1,3.3,3.9,15.13,1052.55,40,Malaysia,5/8/20 4:32,4.210484,101.975766,6467,107,4776,1584,19.98084533,1.654553889,Malaysia,5/6/20,222150,0.708,61,32365.999,330803,97.8407,1.013
Maldives,MDV,2.4,5.4,1718.99,39.808,95.8,99.373,1.9,0.3,4.4,7.900000095,10.3,4.2,3.2,6.5,10.38,1628.54,68,Maldives,5/8/20 4:32,3.2028,73.2207,648,3,20,625,119.8796763,0.462962963,,,,0.734,104,540.544,300,1801.8133,1.0181
Mali,MLI,6.4,6.2,15.64,42.356,52.23,39.33542,6.1,4.3,6.6,106,6.3,6.7,8.1,2.3,1.39,81.18,587,Mali,5/8/20 4:32,17.570692,-3.996166,650,32,271,347,3.209744349,4.923076923,,,,0.797,184,20250.833,1240192,16.3288,1.0302
Malta,MLT,1.9,4.7,1511.03,94.612,No data,99.95599,2.1,0.1,3.5,6.400000095,2.4,2.4,0.5,5.4,38.26,3511.14,9,Malta,5/8/20 4:32,35.9375,14.3754,486,5,413,68,110.0695522,1.028806584,,,,0.547,28,441.543,316,1397.288,1.0027
Marshall Islands,MHL,3.7,4.7,324.52,77.031,82.5,83.49406,3.9,6.2,3.8,34,2.7,6.3,6.9,6.9,4.55,934.44,No data,,,,,,,,,,,,,,0.389,117,59.19,181,327.0166,1.0068
Mauritania,MRT,5.7,5.7,4.27,53.672,15.95,48.43549,6.2,1.5,5.2,79,10.4,6.5,7.3,2.9,1.79,163.92,602,Mauritania,5/8/20 4:32,21.0079,-10.9408,8,1,6,1,0.172055591,12.5,,,,0.452,161,4649.658,1030700,4.5112,1.0274
Mauritius,MUS,2,3,623.3,40.793,No data,95.50484,1.4,0.7,5.2,13.10000038,6.5,2.9,3.2,2.7,20.25,1206.74,53,Mauritius,5/8/20 4:32,-20.348404,57.552152,332,10,320,2,26.10541082,3.012048193,,,,0.582,66,1271.768,2040,623.4157,1.0017
Mexico,MEX,5.1,3.9,64.91,80.156,87.85,91.18306,3.7,0.9,6,13.39999962,3.6,4.5,3.1,3.9,22.48,971.82,38,Mexico,5/8/20 4:32,23.6345,-102.5528,29616,2961,17781,8874,22.97011373,9.997974068,Mexico,5/5/20,89565,0.906,76,128932.753,1964375,65.6355,1.0106
Micronesia,FSM,3.9,3.6,160.91,22.703,No data,88.30933,4.6,5,3.6,32.20000076,2.7,5.2,5.3,3.4,No data,431.59,100,,,,,,,,,,,,,,0.923,135,115.023,702,163.8504,1.0106
Moldova Republic of,MDA,3,3.2,123.52,42.629,86.98,76.3082,2,1.1,4.7,15.5,2.4,4.6,3.3,3.4,32,480.38,23,Moldova,5/8/20 4:32,47.4116,28.3699,4605,145,1747,2713,114.1557322,3.148751357,,,,0.566,107,4033.963,33846,119.1858,0.9977
,,,,,,,,,,,,,,,,,,,Monaco,5/8/20 4:32,43.7333,7.4167,95,4,82,9,242.0752217,4.210526316,,,,0.247,92,3278.29,1564110,2.0959,1.0165
Mongolia,MNG,2.8,3.7,2.04,68.445,71.18,58.47939,3,2.6,3.3,17.20000076,13.4,5,3.8,4,28.87,466.69,44,Mongolia,5/8/20 4:32,46.8625,103.8467,42,0,13,29,1.281154943,0,,,,0.486,52,628.066,13812,45.4725,1.0001
Montenegro,MNE,2.2,2.9,46.27,66.813,No data,97.77388,1.4,0.2,5.5,3.5,2.4,3.3,3.1,3,23.34,1333.93,7,Montenegro,5/8/20 4:32,42.708678,19.37439,324,8,265,51,51.58726368,2.469135802,,,,,,4.992,102,48.9412,1.0006
Morocco,MAR,4.1,4.8,80.73,62.453,No data,88.50364,3.3,0.5,5.8,23.29999924,3.4,4.8,4.5,5.1,7.27,465.7,121,Morocco,5/8/20 4:32,31.7917,-7.0926,5548,183,2179,3186,15.03092963,3.298485941,Morocco,5/1/20,37006,0.697,121,36910.56,446550,82.6572,1.012
Mozambique,MOZ,6.2,6.6,37.51,35.988,12.23,29.36029,6.8,9.3,4.9,72.40000153,27.9,6.7,7.6,5.2,0.73,61.65,489,Mozambique,5/8/20 4:32,-18.665695,35.529562,81,0,24,57,0.259154928,0,,,,0.919,180,31255.435,801590,38.9918,1.0293
Myanmar,MMR,6.3,4,82.24,30.579,79.29,64.33268,5.3,3.9,6.3,48.59999847,10.6,6.3,5.3,3.8,8.64,291.09,178,MS Zaandam,5/8/20 4:32,,,9,2,0,7,,22.22222222,,,,0.732,145,54409.8,676578,80.4191,1.0067
Namibia,NAM,3.8,5.1,2.97,50.032,44.6,34.50374,4.7,5.9,4.4,44.20000076,27.3,5,5.2,5.8,No data,969.26,265,Namibia,5/8/20 4:32,-22.9576,18.4904,16,0,9,7,0.629694173,0,,,,0.407,130,2540.905,825615,3.0776,1.0186
Nauru,NRU,3.3,4.9,635.2,100,No data,65.59553,4.6,2.3,5.2,33,2.7,5.4,4.7,6.9,12.39,1246.3,No data,,,,,,,,,,,,,,,,10.824,21,515.4286,1.0063
Nepal,NPL,5.4,5.1,195.94,19.74,47.78,62.0536,4.7,2.3,6.6,33.70000076,8.7,5.8,6.2,0.9,6.51,155.97,258,Nepal,5/8/20 4:32,28.1667,84.25,101,0,22,79,0.346640579,0,Nepal,5/5/20,13850,0.845,147,29136.808,147181,197.9658,1.0185
Netherlands,NLD,1.4,3.5,511.46,91.49,No data,97.71361,2.1,0.1,5.9,3.900000095,2.4,1.3,0.6,1.1,35.07,5251.24,7,Netherlands,5/8/20 4:32,52.3167,5.55,41973,5306,147,36520,244.9565865,12.64145999,Netherlands,5/5/20,243277,0.66,10,17134.872,41850,409.4354,1.0022
New Zealand,NZL,1.6,3.1,18.55,86.538,No data,100,0.9,0.1,5.7,5.300000191,2.4,1.8,0.9,3.3,30.25,3664.72,11,New Zealand,5/8/20 4:32,-40.9006,174.886,1490,21,1347,122,30.89854845,1.409395973,New Zealand,5/5/20,160700,0.697,14,4822.233,270467,17.8293,1.0082
Nicaragua,NIC,5.2,4.3,53.73,58.522,No data,74.43473,3.6,1,5.6,17.20000076,17,5.2,4.7,5.6,10.06,484.53,150,Nicaragua,5/8/20 4:32,12.865416,-85.207229,16,5,7,4,0.241525694,31.25,,,,0.432,126,6624.554,130373,50.8123,1.0121
Niger,NER,6.7,7,17.72,16.425,8.98,13.56666,6.8,4.5,5.8,84.5,16.5,7.7,7.9,5.8,0.5,61.43,553,Niger,5/8/20 4:32,17.607789,8.081666,781,42,586,153,3.226388004,5.377720871,,,,0.634,189,24206.644,1267000,19.1055,1.0384
Nigeria,NGA,6.9,6.7,215.06,50.344,41.95,39.17175,6.1,6.1,6.1,100.1999969,13.4,6.5,9.3,0.9,3.83,213.74,814,Nigeria,5/8/20 4:32,9.082,8.6753,3526,107,601,2818,1.710491445,3.034600113,Nigeria,5/6/20,21208,0.692,158,206139.589,923768,223.1508,1.0258
North Macedonia,MKD,2.6,3.1,82.59,57.963,No data,99.12474,1.7,0.1,4.5,13.69999981,3.2,3.6,2.7,2.6,28.74,934.58,8,North Macedonia,5/8/20 4:32,41.6086,21.7453,1572,89,1079,404,75.45430982,5.661577608,,,,0.667,82,1.626,260,6.2538,1.0068
Norway,NOR,0.9,2.5,14.55,82.248,No data,98.05439,2.1,0.2,5.7,2.599999905,2.4,1.6,0.3,5.3,46.34,6203.45,5,Norway,5/8/20 4:32,60.472,8.4689,8034,217,32,7785,148.1948233,2.701020662,Norway,5/6/20,188236,0.866,1,5421.241,323802,16.7425,1.0079
Oman,OMN,2.5,5,15.6,84.539,97.4,100,1.4,0.1,3.5,11.30000019,6.8,3.6,1.5,2.8,19.7,2826.85,17,Oman,5/8/20 4:32,21.512583,55.923255,2958,15,980,1963,57.92478864,0.507099391,,,,0.759,47,5106.626,309500,16.4996,1.0265
Pakistan,PAK,6.3,5.6,275.29,36.666,59.61,59.8695,5.8,1.8,5.3,74.90000153,20.3,5.6,6.3,4.5,9.75,144.12,178,Pakistan,5/8/20 4:32,30.3753,69.3451,25837,594,7530,17713,11.69664872,2.299028525,Pakistan,5/6/20,232582,0.762,152,220892.34,881912,250.4698,1.02
Palau,PLW,2.5,3.5,38.93,79.93,No data,100,2.1,1,4.5,15.30000019,2.7,4.2,3.9,3.3,11.85,1891.92,No data,,,,,,,,,,,,,,0.832,55,18.094,459,39.4205,1.0048
Palestine,PSE,5.1,5.6,758.98,76.164,No data,96.93901,6.4,0,5.6,20.89999962,12.1,3.8,0.3,6,No data,No data,45,,,,,,,,,,,,,,0.457,119,5101.414,6220,820.163,1.0241
Panama,PAN,3.5,4,56.19,67.709,No data,83.31546,2.8,1,5.1,16.10000038,10,4.1,3.3,3.4,15.7,1750.3,94,Panama,5/8/20 4:32,8.538,-80.7821,7868,225,886,6757,182.3504763,2.859684799,Panama,5/5/20,36483,0.661,67,4314.767,75417,57.2121,1.0161
Papua New Guinea,PNG,5.8,5.6,19,13.169,No data,12.94927,5.1,5.7,3.2,53.40000153,8.9,7.3,6.7,4,No data,92.27,215,Papua New Guinea,5/8/20 4:32,-6.314993,143.95555,8,0,8,0,0.089415177,0,,,,0.668,155,8947.024,462840,19.3307,1.0195
Paraguay,PRY,3.3,2.7,17.51,61.585,79.6,89.78369,3.5,1.3,5.9,21,10.7,4.4,4.4,3.2,13.66,767.77,132,Paraguay,5/8/20 4:32,-23.4425,-58.4438,462,10,148,304,6.477364974,2.164502165,Paraguay,5/5/20,11898,0.664,98,7132.538,406752,17.5353,1.0125
Peru,PER,4.6,4.2,24.99,77.907,No data,74.34295,4.2,0.9,5.3,15,9.7,4.5,4.8,2.8,12.7,681,68,Peru,5/8/20 4:32,-9.19,-75.0152,58526,1627,18388,38511,177.5029521,2.779961043,Peru,5/5/20,406579,0.701,82,32971.854,1285216,25.6547,1.0142
Philippines,PHL,5.3,4.7,357.69,46.907,78.46,76.5335,4.7,3.9,5,28.10000038,13.3,4.1,4.7,1.5,No data,342.29,114,Philippines,5/8/20 4:32,12.879721,121.774017,10343,685,1618,8040,9.438672742,6.622836701,Philippines,5/4/20,119512,0.567,106,109581.078,342353,320.0821,1.0135
Poland,POL,1.7,2.6,124.04,60.058,No data,98.79661,1.4,0.2,4,4.699999809,2.4,2.8,2.2,2.5,24,1784.4,3,Poland,5/8/20 4:32,51.9194,19.1451,15047,755,4862,9430,39.75785939,5.017611484,Poland,5/6/20,410468,0.794,32,37846.611,312679,121.0398,0.9989
Portugal,PRT,1.6,2.7,112.24,65.211,No data,99.60893,1.1,0.3,4.3,3.700000048,2.4,1.9,0.8,3,33.36,2778.42,10,Portugal,5/8/20 4:32,39.3999,-8.2245,26715,1105,2258,23352,261.9963484,4.136253041,Portugal,5/4/20,470234,0.352,40,10196.709,92090,110.7255,0.9971
Qatar,QAT,1.3,5,239.59,99.135,No data,100,1,0.3,5.9,7.599999905,2.8,2.9,2.7,2.7,0.01,3926.12,13,Qatar,5/8/20 4:32,25.3548,51.1839,18890,12,2286,16592,655.6614579,0.063525675,Qatar,5/6/20,112963,0.783,41,2881.053,11586,248.6668,1.0173
Romania,ROU,2.8,2.6,84.64,53.998,No data,84.30993,1.7,0.5,6.8,7.800000191,2.4,3.5,3.6,4.3,22.59,1152.18,31,Romania,5/8/20 4:32,45.9432,24.9668,14499,888,6144,7467,75.36770802,6.124560315,Romania,5/6/20,217139,0.403,52,19237.691,238391,80.6981,0.9934
Russian Federation,RUS,4,2.3,8.82,74.433,No data,90.48223,2.3,1.8,3.4,7.599999905,2.4,4.5,2,4,40.14,1329.29,25,Russia,5/8/20 4:32,61.524,105.3188,177160,1625,23803,151732,121.3969613,0.917249944,Russia,5/6/20,4633731,0.837,49,145934.462,17098242,8.5351,1.0004
Rwanda,RWA,4.7,6,498.66,17.211,4.62,66.57384,6.1,5.1,5.9,37.90000153,36.8,5.1,5.7,3.1,1.35,130.38,290,Rwanda,5/8/20 4:32,-1.9403,29.8739,271,0,133,138,2.092307189,0,Rwanda,5/5/20,35992,0.824,157,12952.218,26338,491.7692,1.0258
Saint Kitts and Nevis,KNA,1.9,2.9,201.7,30.776,No data,91.60913,1.5,0,4.5,13.69999981,5.7,3,3.1,3.6,25.23,1479.57,No data,Saint Kitts and Nevis,5/8/20 4:32,17.357822,-62.782998,15,0,12,3,28.19972928,0,,,,0.893,73,53.199,261,203.8276,1.0071
Saint Lucia,LCA,2.2,2.9,298.18,18.678,87.2,88.35291,2,0.8,5.3,16.60000038,18.1,3.9,4.1,3.4,No data,677.4,48,Saint Lucia,5/8/20 4:32,13.9094,-60.9789,18,0,17,1,9.802373263,0,,,,0.469,89,183.627,616,298.0958,1.0046
Saint Vincent and the Grenadines,VCT,2,3.8,282.59,52.198,No data,87.18434,1.7,0,3.8,16.20000076,5.7,3.4,3.1,7.1,No data,409.14,45,Saint Vincent and the Grenadines,5/8/20 4:32,12.9843,-61.2872,17,0,9,8,15.32263153,0,,,,0.721,94,110.94,389,285.1928,1.0032
Samoa,WSM,2.9,1.8,69.3,18.243,No data,98.16794,3.1,1.9,5,16.5,2.7,4.1,6.4,2,3.41,352.8,51,San Marino,5/8/20 4:32,43.9424,12.4578,622,41,106,475,1832.753845,6.591639871,,,,0.301,111,198.414,2842,69.8149,1.0067
Sao Tome and Principe,STP,2.5,6,219.82,72.803,41.34,42.97494,3.9,3.5,5.1,32.40000153,7,5.4,5.5,5.7,3.2,196.9,156,Sao Tome and Principe,5/8/20 4:32,0.18636,6.613081,187,4,4,179,85.32540005,2.139037433,,,,0.824,137,219.159,964,227.3434,1.0191
Saudi Arabia,SAU,2.5,3.7,15.68,83.844,No data,100,1.2,0.1,3.8,7.400000095,7.1,3.6,1.1,4.8,23.9,3117.23,12,Saudi Arabia,5/8/20 4:32,23.885942,45.079162,33731,219,7798,25714,96.88955266,0.649254395,Saudi Arabia,5/6/20,389659,0.756,36,34813.871,2149690,16.1948,1.0159
Senegal,SEN,5,6.6,82.35,47.192,20.86,51.47399,5.1,3.2,2.7,45.40000153,11.3,5.7,6.3,2.5,0.69,141.69,315,Senegal,5/8/20 4:32,14.4974,-14.4524,1492,13,562,917,8.910691815,0.871313673,Senegal,5/6/20,17461,0.339,166,16743.927,196722,85.1147,1.0275
Serbia,SRB,3.1,2.7,79.83,56.092,97.72,97.5672,2.4,0.2,6,5.699999809,5.7,3.8,2.3,5.3,31.25,1322.56,17,Serbia,5/8/20 4:32,44.0165,21.0059,9848,206,2160,7482,112.7112621,2.091795288,Serbia,5/6/20,117474,0.661,63,8737.371,88361,98.8827,0.996
Seychelles,SYC,2,3.8,210.35,56.691,No data,100,1.7,0.2,7.7,14.19999981,6.5,3.3,4.7,0.6,9.46,1122.56,No data,Seychelles,5/8/20 4:32,-4.6796,55.492,11,0,8,3,11.18568233,0,,,,0.914,62,98.347,452,217.5819,1.0062
Sierra Leone,SLE,5.4,7.2,105.99,42.055,19.28,15.65266,5.7,7,4.9,110.5,25.6,7,8.2,1.6,0.25,244.04,138,Sierra Leone,5/8/20 4:32,8.460555,-11.779889,231,16,54,161,2.895830944,6.926406926,,,,0.896,181,7976.983,71740,111.193,1.021
Singapore,SGP,0.5,4,7953,100,No data,100,0.3,0.4,4.5,2.799999952,2.5,1.1,1.5,2,23.06,4083.75,789,Singapore,5/8/20 4:32,1.2833,103.8333,20939,20,1712,19207,357.9106387,0.095515545,Singapore,5/4/20,175604,0.416,9,5850.342,710,8239.9183,1.0079
Slovakia,SVK,1.6,2.5,113.29,53.726,No data,97.93813,0.9,0.1,5.6,5.599999905,3.4,2.6,1.8,5.5,24.64,2172.16,5,Slovakia,5/8/20 4:32,48.669,19.699,1445,26,806,613,26.466932,1.799307958,Slovakia,5/6/20,104606,0.673,36,5459.642,49037,111.3372,1.0005
Slovenia,SVN,1.2,2.4,102.64,54.541,No data,99.10956,0.6,0.1,5.1,2.099999905,2.4,1.7,1.6,8.2,29.95,2772.23,30,Slovenia,5/8/20 4:32,46.1512,14.9955,1449,99,247,1103,69.69924942,6.832298137,Slovenia,5/5/20,58923,0.423,24,2078.938,20273,102.5471,1.0001
Solomon Islands,SLB,4.7,5.7,23.32,23.749,35.89,33.52835,4.1,4.8,4.6,20.60000038,8.9,6.6,5.6,2.8,2,117.76,311,,,,,,,,,,,,,,0.665, ,,,,
Somalia,SOM,8.9,6.5,23.92,44.971,9.83,38.33638,9.1,2,4.9,127.1999969,20.6,8.8,9.2,8.3,0.23,No data,155,Somalia,5/8/20 4:32,5.152149,46.199616,928,44,106,778,5.838968179,4.74137931,,,,0.496,153,686.884,28896,23.7709,1.0255
South Africa,ZAF,4.8,4.4,47.63,66.355,43.99,75.7471,4.6,6,5.2,37.09999847,6.2,4.2,5.5,1.2,9.1,1071.35,4,South Africa,5/8/20 4:32,-30.5595,22.9375,8232,161,3153,4918,13.87992215,1.955782313,South Africa,5/5/20,268064,0.514,113,59308.69,1221037,48.5724,1.0128
South Sudan,SSD,8.1,6.6,17.17,19.615,No data,11.32168,8.8,5.4,7,96.40000153,30.9,9.5,9.6,3.3,No data,71.17,5,South Sudan,5/8/20 4:32,6.877,31.307,74,0,0,74,0.661084434,0,,,,0.771, ,,,,
Spain,ESP,2.2,2.9,93.53,80.321,No data,99.90423,2.1,0.3,5.3,3.099999905,2.4,1.8,0.2,5.4,40.69,3259.8,68,Spain,5/8/20 4:32,40.463667,-3.74922,221447,26070,128511,66866,473.6349648,11.77256861,Spain,4/30/20,1351130,0.659,25,46754.778,505992,92.4022,1.0004
Sri Lanka,LKA,3.7,3.4,345.56,18.476,No data,95.78173,3,0.4,5.8,8.800000191,9,4,4.1,3.9,9.58,491.49,,Sri Lanka,5/8/20 4:32,7.873054,80.771797,824,9,232,583,3.848084714,1.09223301,,,,,,21413.249,65610,326.3717,1.0042
Sudan,SDN,6.9,6.2,18.02,34.642,23.44,36.57503,6.8,1.4,5.2,63.20000076,20.1,6.7,5.9,4,4.1,297.86,,Sudan,5/8/20 4:32,12.8628,30.2176,930,52,92,786,2.120901947,5.591397849,,,,0.515,168,43849.26,1886068,23.249,1.0242
Suriname,SUR,3.1,3,3.69,66.06,67.78,84.45758,2.7,1.1,5.4,19.60000038,8.5,5.1,5.5,1.1,12.27,907.6,,Suriname,5/8/20 4:32,3.9193,-56.0278,10,1,9,0,1.704640372,10,,,,0.797,98,586.632,163820,3.581,1.009
Sweden,SWE,1.5,3.7,25,87.431,No data,99.29552,3.1,0.2,6.8,2.799999952,2.4,1.5,0.1,0.9,54,5386.73,,Sweden,5/8/20 4:32,60.1282,18.6435,24623,3040,4971,16612,243.8097011,12.3461804,Sweden,5/3/20,148500,0.744,8,10099.265,450295,22.4281,1.0063
Switzerland,CHE,1.4,3.7,215.52,73.797,No data,99.89037,2.4,0.2,6.2,4.199999809,2.4,0.9,0.4,4.7,42.36,7867.39,,Switzerland,5/8/20 4:32,46.8182,8.2275,30126,1810,25900,2416,348.09162,6.008099316,Switzerland,5/5/20,290365,0.916,2,8654.622,41284,209.6362,1.0074
Syria,SYR,7.3,3.3,92.07,54.162,70.6,91.22287,7.8,0.5,4.6,17,29,5.7,6.3,3.2,12.2,159.72,,Syria,5/8/20 4:32,34.802075,38.996815,45,3,27,15,0.257133204,6.666666667,,,,0.899,154,17500.658,185180,94.5062,1.0252
,,,,,,,,,,,,,,,,,,,Taiwan*,5/8/20 4:32,23.7,121,440,6,347,87,1.847437363,1.363636364,Taiwan,5/5/20,65589,,,23816.775,36193,658.0492,1.0018
Tajikistan,TJK,4.5,4.8,65.57,27.134,72.7,97.02306,3.4,1.4,6.1,33.59999847,5.6,5,4,5,17,208.51,32,Tajikistan,5/8/20 4:32,38.861034,71.276093,461,12,0,449,4.833479806,2.603036876,,,,0.745,125,9537.645,143100,66.6502,1.0232
Tanzania,TZA,5.6,6.6,63.58,33.776,47.95,29.91344,5.9,5.3,6.8,54,30.7,6.2,6.4,2.3,0.4,111.98,398,Tanzania,5/8/20 4:32,-6.369028,34.888822,480,16,167,297,0.803559595,3.333333333,,,,0.718,159,59734.218,945087,63.205,1.0298
Thailand,THA,4.1,3.6,135.9,49.949,90.67,98.75073,3.1,1.3,4.9,9.5,7.8,3.9,4.1,2.5,8.1,635.02,20,Thailand,5/8/20 4:32,15.870032,100.992541,2992,55,2772,165,4.286534302,1.838235294,Thailand,5/6/20,86320,0.545,77,69799.978,513120,136.0305,1.0025
Timor-Leste,TLS,4.5,6,85.27,30.578,28.18,53.51901,4.2,6.4,4.3,47.59999847,24.9,6.2,6.6,4.9,7.2,121.68,215,Timor-Leste,5/8/20 4:32,-8.874217,125.727539,24,0,21,3,1.82033036,0,,,,0.7,131,1318.445,14874,88.6409,1.0196
Togo,TGO,4.6,6.9,145.05,41.702,10.47,16.1321,5.2,5.3,5.6,72.90000153,16.1,7.7,6.3,6,0.49,99.9,368,Togo,5/8/20 4:32,8.6195,0.8248,135,9,85,41,1.630683521,6.666666667,,,,0.626,167,8278.724,56785,145.7907,1.0243
Tonga,TON,3.9,2.7,143.33,23.131,No data,93.44527,4.5,2.1,3.8,16,3.6,4.4,5.5,3.6,5.22,311.43,124,,,,,,,,,,,,,,0.347,105,105.695,747,141.4926,1.0115
Trinidad and Tobago,TTO,2.7,3.2,270.93,53.184,89.44,93.39891,3,0.8,5,26.10000038,5.5,3.3,2.4,3.2,26.7,2180.52,63,Trinidad and Tobago,5/8/20 4:32,10.6918,-61.2225,116,8,103,5,8.28872783,6.896551724,,,,0.572,63,1399.488,5130,272.8047,1.0032
Tunisia,TUN,3.2,4,74.44,68.945,78.69,90.92139,1.8,0.3,4.7,13,4.3,4.7,3.8,4.6,12.72,806.34,62,Tunisia,5/8/20 4:32,33.886917,9.537499,1026,44,600,382,8.681218058,4.288499025,Tunisia,5/4/20,25165,0.568,91,11818.619,163610,72.2365,1.0106
Turkey,TUR,5,4.2,106.96,75.143,No data,97.29724,4.9,0.1,6.8,11.60000038,2.4,3.2,3.3,2.3,17.61,1089.24,16,Turkey,5/8/20 4:32,38.9637,35.2433,133721,3641,82984,47096,158.551671,2.722833362,Turkey,5/6/20,1234724,..,59,84339.067,783562,107.6355,1.0109
Turkmenistan,TKM,2.6,3.1,12.45,51.593,100,98.6992,1.2,0.3,5,47.29999924,5.4,5.8,2.8,4.3,22.25,1116.86,42,,,,,,,,,,,,,,0.856,108,6031.2,488100,12.3565,1.015
Tuvalu,TUV,3.1,4.8,383.6,62.387,No data,84.07847,3.7,7.2,4.1,24.89999962,3.6,5.1,5.5,5,9.17,601.03,No data,,,,,,,,,,,,,,,,38.717,948,40.8407,1.0138
Uganda,UGA,6.5,7.2,213.06,23.774,21.22,18.47232,6.9,5.9,5.3,49,41,7.2,6.5,5.7,0.91,117.11,343,Uganda,5/8/20 4:32,1.373333,32.290275,101,0,55,46,0.220808465,0,Uganda,5/5/20,44094,0.661,159,45741.007,241550,189.3645,1.0332
Ukraine,UKR,4.7,2.6,77.03,69.352,No data,96.22436,3.9,1.1,3.8,8.800000191,3.5,4.8,4.2,5.1,30.07,534.19,24,Ukraine,5/8/20 4:32,48.3794,31.1656,13691,340,2396,10955,31.30533554,2.483383244,Ukraine,5/6/20,144283,0.537,88,43733.762,603500,72.4669,0.9941
United Arab Emirates,ARE,1.9,4.4,135.61,86.522,No data,98.586,1.5,0,4.6,9.100000381,2.6,1.9,1.5,1.1,23.94,2546.19,6,United Arab Emirates,5/8/20 4:32,23.424076,53.847818,16240,165,3572,12503,164.1996279,1.016009852,,,,0.418,35,9890.402,83600,118.3062,1.0123
United Kingdom,GBR,1.8,3.2,274.83,83.398,No data,99.11029,2.2,0.3,5.2,4.300000191,2.4,1.5,1.1,1.3,28.06,4177.81,9,United Kingdom,5/8/20 4:32,55,-3,207977,30689,970,176318,306.3621185,14.75595859,"United Kingdom, tests performed",5/6/20,1448010,0.584,15,67886.011,242900,279.4813,1.0053
,,,,,,,,,,,,,,,,,,,Uruguay,5/8/20 4:32,-32.5228,-55.7658,684,17,492,175,19.69066654,2.485380117,Uruguay,5/6/20,23811,,,,,,
United States of America,USA,3.4,2.8,35.77,82.256,No data,99.97002,2.9,0.1,5.7,6.599999905,2.4,2.1,1.1,1.1,25.95,9869.74,14,US,5/8/20 4:32,40,-100,1256972,75670,195036,1010344,381.5176438,6.020022721,United States,5/5/20,7544328,..,15,331002.651,9372610,35.316,1.0059
Uruguay,URY,1.8,2.9,19.71,95.334,No data,96.59619,2,0.6,5.1,8.199999809,2.4,2.8,1.2,2.1,50.5,1958.9,15,,,,,,,,,,,,,,0.572,57,3473.73,181034,19.1883,1.0035
Uzbekistan,UZB,3.1,3.3,77.47,50.478,No data,100,1.9,0.6,4.2,22.5,6.3,4,3.3,3,23.68,416.9,36,Uzbekistan,5/8/20 4:32,41.377491,64.585262,2298,10,1656,632,6.866014332,0.43516101,,,,0.636,108,33469.203,447400,74.8082,1.0148
Vanuatu,VUT,4.1,4.7,24.01,25.274,25.21,34.06706,4.1,3.7,3.9,26.89999962,7.2,5.7,5.7,6.3,1.71,116.09,78,,,,,,,,,,,,,,0.743,141,307.145,12189,25.1985,1.0242
Venezuela,VEN,4.6,3.3,32.73,88.208,No data,93.93502,3.5,1.2,4.9,30.89999962,21.2,4.5,4.8,2.7,No data,940,95,Venezuela,5/8/20 4:32,6.4238,-66.5897,381,10,185,186,1.339853579,2.624671916,,,,0.687,96,,,,
Viet Nam,VNM,3.8,4.2,308.13,35.919,85.85,83.51505,2.2,1,7.5,20.89999962,9.3,4.4,4.6,2.5,8.2,356.28,54,Vietnam,5/8/20 4:32,14.058324,108.277199,288,0,233,55,0.295874453,0,Vietnam,4/29/20,261004,0.466,118,97338.579,331212,293.886,1.0091
,,,,,,,,,,,,,,,,,,,West Bank and Gaza,5/8/20 4:32,31.9522,35.2332,375,2,176,197,7.350900221,0.533333333,,,,,,,,,
,,,,,,,,,,,,,,,,,,,Western Sahara,5/8/20 4:32,24.2155,-12.8858,6,0,5,1,1.004469891,0,,,,,,597.339,266000,2.2456,1.0255
Yemen,YEM,8.1,6.3,53.98,36.642,49.54,59.053,8.2,1.2,4.5,55.40000153,38.9,7.8,7.4,6.8,3.1,144.5,385,Yemen,5/8/20 4:32,15.552727,48.516388,25,5,1,19,0.083819576,20,,,,0.627,177,29825.964,527968,56.492,1.0228
Zambia,ZMB,4.3,6.8,23.34,43.521,13.94,26.37012,5.9,7.4,6.2,60,46.7,6,6.1,4.8,0.91,175.18,224,Zambia,5/8/20 4:32,-13.133897,27.849332,153,4,103,46,0.832247423,2.614379085,,,,0.852,143,18383.955,752612,24.4269,1.0293
Zimbabwe,ZWE,5.1,4.9,37.32,32.209,36.79,36.2214,5.4,6.1,6.8,50.29999924,51.3,5.9,6.6,4.4,0.76,185.05,443,Zimbabwe,5/8/20 4:32,-19.015438,29.154857,34,4,5,25,0.228757095,11.76470588,Zimbabwe,5/5/20,14821,0.633,150,14862.924,390757,38.0362,1.0148